run_date,data_through,mode,forecast_date,horizon,target,model,prediction,unit
2026-06-25,2026-06-20,multivariate,2026-06-21,1,TMP2m,hqnn,-1920.031,°C
2026-06-25,2026-06-20,multivariate,2026-06-21,1,TMP2m,ensemble,-1920.031,°C
2026-06-25,2026-06-20,multivariate,2026-06-21,1,RH2m,hqnn,27.679,%
2026-06-25,2026-06-20,multivariate,2026-06-21,1,RH2m,ensemble,27.679,%
2026-06-25,2026-06-20,multivariate,2026-06-21,1,PRmsl,hqnn,470587.438,hPa
2026-06-25,2026-06-20,multivariate,2026-06-21,1,PRmsl,ensemble,470587.438,hPa
2026-06-25,2026-06-20,multivariate,2026-06-22,2,TMP2m,hqnn,-3246.84,°C
2026-06-25,2026-06-20,multivariate,2026-06-22,2,TMP2m,ensemble,-3246.84,°C
2026-06-25,2026-06-20,multivariate,2026-06-22,2,RH2m,hqnn,15.528,%
2026-06-25,2026-06-20,multivariate,2026-06-22,2,RH2m,ensemble,15.528,%
2026-06-25,2026-06-20,multivariate,2026-06-22,2,PRmsl,hqnn,490269.594,hPa
2026-06-25,2026-06-20,multivariate,2026-06-22,2,PRmsl,ensemble,490269.594,hPa
2026-06-25,2026-06-20,multivariate,2026-06-23,3,TMP2m,hqnn,-4105.313,°C
2026-06-25,2026-06-20,multivariate,2026-06-23,3,TMP2m,ensemble,-4105.313,°C
2026-06-25,2026-06-20,multivariate,2026-06-23,3,RH2m,hqnn,116.177,%
2026-06-25,2026-06-20,multivariate,2026-06-23,3,RH2m,ensemble,116.177,%
2026-06-25,2026-06-20,multivariate,2026-06-23,3,PRmsl,hqnn,503549.156,hPa
2026-06-25,2026-06-20,multivariate,2026-06-23,3,PRmsl,ensemble,503549.156,hPa
2026-06-25,2026-06-20,multivariate,2026-06-24,4,TMP2m,hqnn,-4646.879,°C
2026-06-25,2026-06-20,multivariate,2026-06-24,4,TMP2m,ensemble,-4646.879,°C
2026-06-25,2026-06-20,multivariate,2026-06-24,4,RH2m,hqnn,198.69,%
2026-06-25,2026-06-20,multivariate,2026-06-24,4,RH2m,ensemble,198.69,%
2026-06-25,2026-06-20,multivariate,2026-06-24,4,PRmsl,hqnn,511714.406,hPa
2026-06-25,2026-06-20,multivariate,2026-06-24,4,PRmsl,ensemble,511714.406,hPa
2026-06-25,2026-06-20,multivariate,2026-06-25,5,TMP2m,hqnn,-4970.904,°C
2026-06-25,2026-06-20,multivariate,2026-06-25,5,TMP2m,ensemble,-4970.904,°C
2026-06-25,2026-06-20,multivariate,2026-06-25,5,RH2m,hqnn,249.464,%
2026-06-25,2026-06-20,multivariate,2026-06-25,5,RH2m,ensemble,249.464,%
2026-06-25,2026-06-20,multivariate,2026-06-25,5,PRmsl,hqnn,517081.531,hPa
2026-06-25,2026-06-20,multivariate,2026-06-25,5,PRmsl,ensemble,517081.531,hPa
2026-06-25,2026-06-20,univariate,2026-06-21,1,TMP2m,hqnn,32.911,°C
2026-06-25,2026-06-20,univariate,2026-06-21,1,TMP2m,ensemble,32.911,°C
2026-06-25,2026-06-20,univariate,2026-06-21,1,RH2m,hqnn,42.611,%
2026-06-25,2026-06-20,univariate,2026-06-21,1,RH2m,ensemble,42.611,%
2026-06-25,2026-06-20,univariate,2026-06-21,1,PRmsl,hqnn,100088.68,hPa
2026-06-25,2026-06-20,univariate,2026-06-21,1,PRmsl,ensemble,100088.68,hPa
2026-06-25,2026-06-20,univariate,2026-06-22,2,TMP2m,hqnn,34.332,°C
2026-06-25,2026-06-20,univariate,2026-06-22,2,TMP2m,ensemble,34.332,°C
2026-06-25,2026-06-20,univariate,2026-06-22,2,RH2m,hqnn,44.536,%
2026-06-25,2026-06-20,univariate,2026-06-22,2,RH2m,ensemble,44.536,%
2026-06-25,2026-06-20,univariate,2026-06-22,2,PRmsl,hqnn,100055.117,hPa
2026-06-25,2026-06-20,univariate,2026-06-22,2,PRmsl,ensemble,100055.117,hPa
2026-06-25,2026-06-20,univariate,2026-06-23,3,TMP2m,hqnn,32.717,°C
2026-06-25,2026-06-20,univariate,2026-06-23,3,TMP2m,ensemble,32.717,°C
2026-06-25,2026-06-20,univariate,2026-06-23,3,RH2m,hqnn,48.207,%
2026-06-25,2026-06-20,univariate,2026-06-23,3,RH2m,ensemble,48.207,%
2026-06-25,2026-06-20,univariate,2026-06-23,3,PRmsl,hqnn,99949.555,hPa
2026-06-25,2026-06-20,univariate,2026-06-23,3,PRmsl,ensemble,99949.555,hPa
2026-06-25,2026-06-20,univariate,2026-06-24,4,TMP2m,hqnn,33.985,°C
2026-06-25,2026-06-20,univariate,2026-06-24,4,TMP2m,ensemble,33.985,°C
2026-06-25,2026-06-20,univariate,2026-06-24,4,RH2m,hqnn,50.204,%
2026-06-25,2026-06-20,univariate,2026-06-24,4,RH2m,ensemble,50.204,%
2026-06-25,2026-06-20,univariate,2026-06-24,4,PRmsl,hqnn,99987.602,hPa
2026-06-25,2026-06-20,univariate,2026-06-24,4,PRmsl,ensemble,99987.602,hPa
2026-06-25,2026-06-20,univariate,2026-06-25,5,TMP2m,hqnn,32.92,°C
2026-06-25,2026-06-20,univariate,2026-06-25,5,TMP2m,ensemble,32.92,°C
2026-06-25,2026-06-20,univariate,2026-06-25,5,RH2m,hqnn,56.454,%
2026-06-25,2026-06-20,univariate,2026-06-25,5,RH2m,ensemble,56.454,%
2026-06-25,2026-06-20,univariate,2026-06-25,5,PRmsl,hqnn,99907.273,hPa
2026-06-25,2026-06-20,univariate,2026-06-25,5,PRmsl,ensemble,99907.273,hPa
2026-06-25,2026-06-25,multivariate,2026-06-26,1,TMP2m,lstm,-0.574,°C
2026-06-25,2026-06-25,multivariate,2026-06-26,1,TMP2m,qlstm,0.575,°C
2026-06-25,2026-06-25,multivariate,2026-06-26,1,TMP2m,gru,1.429,°C
2026-06-25,2026-06-25,multivariate,2026-06-26,1,TMP2m,qgru,-4.091,°C
2026-06-25,2026-06-25,multivariate,2026-06-26,1,TMP2m,ann,10.072,°C
2026-06-25,2026-06-25,multivariate,2026-06-26,1,TMP2m,hqnn,-1902.705,°C
2026-06-25,2026-06-25,multivariate,2026-06-26,1,TMP2m,ensemble,-315.882,°C
2026-06-25,2026-06-25,multivariate,2026-06-26,1,RH2m,lstm,6.782,%
2026-06-25,2026-06-25,multivariate,2026-06-26,1,RH2m,qlstm,44.245,%
2026-06-25,2026-06-25,multivariate,2026-06-26,1,RH2m,gru,57.099,%
2026-06-25,2026-06-25,multivariate,2026-06-26,1,RH2m,qgru,13.992,%
2026-06-25,2026-06-25,multivariate,2026-06-26,1,RH2m,ann,-135.031,%
2026-06-25,2026-06-25,multivariate,2026-06-26,1,RH2m,hqnn,28.07,%
2026-06-25,2026-06-25,multivariate,2026-06-26,1,RH2m,ensemble,2.526,%
2026-06-25,2026-06-25,multivariate,2026-06-26,1,PRmsl,lstm,102927.594,Pa
2026-06-25,2026-06-25,multivariate,2026-06-26,1,PRmsl,qlstm,102516.766,Pa
2026-06-25,2026-06-25,multivariate,2026-06-26,1,PRmsl,gru,102875.211,Pa
2026-06-25,2026-06-25,multivariate,2026-06-26,1,PRmsl,qgru,103169.453,Pa
2026-06-25,2026-06-25,multivariate,2026-06-26,1,PRmsl,ann,672220.0,Pa
2026-06-25,2026-06-25,multivariate,2026-06-26,1,PRmsl,hqnn,470145.938,Pa
2026-06-25,2026-06-25,multivariate,2026-06-26,1,PRmsl,ensemble,258975.827,Pa
2026-06-25,2026-06-25,multivariate,2026-06-27,2,TMP2m,lstm,-3.251,°C
2026-06-25,2026-06-25,multivariate,2026-06-27,2,TMP2m,qlstm,0.904,°C
2026-06-25,2026-06-25,multivariate,2026-06-27,2,TMP2m,gru,2.065,°C
2026-06-25,2026-06-25,multivariate,2026-06-27,2,TMP2m,qgru,-3.98,°C
2026-06-25,2026-06-25,multivariate,2026-06-27,2,TMP2m,ann,10.072,°C
2026-06-25,2026-06-25,multivariate,2026-06-27,2,TMP2m,hqnn,-2143.627,°C
2026-06-25,2026-06-25,multivariate,2026-06-27,2,TMP2m,ensemble,-356.303,°C
2026-06-25,2026-06-25,multivariate,2026-06-27,2,RH2m,lstm,6.546,%
2026-06-25,2026-06-25,multivariate,2026-06-27,2,RH2m,qlstm,43.994,%
2026-06-25,2026-06-25,multivariate,2026-06-27,2,RH2m,gru,66.038,%
2026-06-25,2026-06-25,multivariate,2026-06-27,2,RH2m,qgru,14.011,%
2026-06-25,2026-06-25,multivariate,2026-06-27,2,RH2m,ann,-135.532,%
2026-06-25,2026-06-25,multivariate,2026-06-27,2,RH2m,hqnn,29.97,%
2026-06-25,2026-06-25,multivariate,2026-06-27,2,RH2m,ensemble,4.171,%
2026-06-25,2026-06-25,multivariate,2026-06-27,2,PRmsl,lstm,102929.922,Pa
2026-06-25,2026-06-25,multivariate,2026-06-27,2,PRmsl,qlstm,102588.133,Pa
2026-06-25,2026-06-25,multivariate,2026-06-27,2,PRmsl,gru,102878.227,Pa
2026-06-25,2026-06-25,multivariate,2026-06-27,2,PRmsl,qgru,103175.078,Pa
2026-06-25,2026-06-25,multivariate,2026-06-27,2,PRmsl,ann,677983.25,Pa
2026-06-25,2026-06-25,multivariate,2026-06-27,2,PRmsl,hqnn,473670.438,Pa
2026-06-25,2026-06-25,multivariate,2026-06-27,2,PRmsl,ensemble,260537.508,Pa
2026-06-25,2026-06-25,multivariate,2026-06-28,3,TMP2m,lstm,-3.362,°C
2026-06-25,2026-06-25,multivariate,2026-06-28,3,TMP2m,qlstm,0.957,°C
2026-06-25,2026-06-25,multivariate,2026-06-28,3,TMP2m,gru,2.172,°C
2026-06-25,2026-06-25,multivariate,2026-06-28,3,TMP2m,qgru,-3.974,°C
2026-06-25,2026-06-25,multivariate,2026-06-28,3,TMP2m,ann,10.072,°C
2026-06-25,2026-06-25,multivariate,2026-06-28,3,TMP2m,hqnn,-2171.196,°C
2026-06-25,2026-06-25,multivariate,2026-06-28,3,TMP2m,ensemble,-360.889,°C
2026-06-25,2026-06-25,multivariate,2026-06-28,3,RH2m,lstm,6.539,%
2026-06-25,2026-06-25,multivariate,2026-06-28,3,RH2m,qlstm,43.905,%
2026-06-25,2026-06-25,multivariate,2026-06-28,3,RH2m,gru,59.096,%
2026-06-25,2026-06-25,multivariate,2026-06-28,3,RH2m,qgru,14.036,%
2026-06-25,2026-06-25,multivariate,2026-06-28,3,RH2m,ann,-135.913,%
2026-06-25,2026-06-25,multivariate,2026-06-28,3,RH2m,hqnn,30.171,%
2026-06-25,2026-06-25,multivariate,2026-06-28,3,RH2m,ensemble,2.972,%
2026-06-25,2026-06-25,multivariate,2026-06-28,3,PRmsl,lstm,102930.648,Pa
2026-06-25,2026-06-25,multivariate,2026-06-28,3,PRmsl,qlstm,102568.844,Pa
2026-06-25,2026-06-25,multivariate,2026-06-28,3,PRmsl,gru,102880.391,Pa
2026-06-25,2026-06-25,multivariate,2026-06-28,3,PRmsl,qgru,103189.18,Pa
2026-06-25,2026-06-25,multivariate,2026-06-28,3,PRmsl,ann,678565.312,Pa
2026-06-25,2026-06-25,multivariate,2026-06-28,3,PRmsl,hqnn,474049.594,Pa
2026-06-25,2026-06-25,multivariate,2026-06-28,3,PRmsl,ensemble,260697.328,Pa
2026-06-25,2026-06-25,multivariate,2026-06-29,4,TMP2m,lstm,-3.375,°C
2026-06-25,2026-06-25,multivariate,2026-06-29,4,TMP2m,qlstm,0.973,°C
2026-06-25,2026-06-25,multivariate,2026-06-29,4,TMP2m,gru,2.214,°C
2026-06-25,2026-06-25,multivariate,2026-06-29,4,TMP2m,qgru,-3.916,°C
2026-06-25,2026-06-25,multivariate,2026-06-29,4,TMP2m,ann,10.072,°C
2026-06-25,2026-06-25,multivariate,2026-06-29,4,TMP2m,hqnn,-2172.746,°C
2026-06-25,2026-06-25,multivariate,2026-06-29,4,TMP2m,ensemble,-361.13,°C
2026-06-25,2026-06-25,multivariate,2026-06-29,4,RH2m,lstm,6.542,%
2026-06-25,2026-06-25,multivariate,2026-06-29,4,RH2m,qlstm,43.904,%
2026-06-25,2026-06-25,multivariate,2026-06-29,4,RH2m,gru,56.99,%
2026-06-25,2026-06-25,multivariate,2026-06-29,4,RH2m,qgru,14.039,%
2026-06-25,2026-06-25,multivariate,2026-06-29,4,RH2m,ann,-136.031,%
2026-06-25,2026-06-25,multivariate,2026-06-29,4,RH2m,hqnn,30.155,%
2026-06-25,2026-06-25,multivariate,2026-06-29,4,RH2m,ensemble,2.6,%
2026-06-25,2026-06-25,multivariate,2026-06-29,4,PRmsl,lstm,102930.617,Pa
2026-06-25,2026-06-25,multivariate,2026-06-29,4,PRmsl,qlstm,102585.508,Pa
2026-06-25,2026-06-25,multivariate,2026-06-29,4,PRmsl,gru,102882.203,Pa
2026-06-25,2026-06-25,multivariate,2026-06-29,4,PRmsl,qgru,103190.406,Pa
2026-06-25,2026-06-25,multivariate,2026-06-29,4,PRmsl,ann,678709.75,Pa
2026-06-25,2026-06-25,multivariate,2026-06-29,4,PRmsl,hqnn,474139.188,Pa
2026-06-25,2026-06-25,multivariate,2026-06-29,4,PRmsl,ensemble,260739.612,Pa
2026-06-25,2026-06-25,multivariate,2026-06-30,5,TMP2m,lstm,-3.351,°C
2026-06-25,2026-06-25,multivariate,2026-06-30,5,TMP2m,qlstm,0.975,°C
2026-06-25,2026-06-25,multivariate,2026-06-30,5,TMP2m,gru,2.262,°C
2026-06-25,2026-06-25,multivariate,2026-06-30,5,TMP2m,qgru,-3.9,°C
2026-06-25,2026-06-25,multivariate,2026-06-30,5,TMP2m,ann,10.072,°C
2026-06-25,2026-06-25,multivariate,2026-06-30,5,TMP2m,hqnn,-2170.79,°C
2026-06-25,2026-06-25,multivariate,2026-06-30,5,TMP2m,ensemble,-360.789,°C
2026-06-25,2026-06-25,multivariate,2026-06-30,5,RH2m,lstm,6.542,%
2026-06-25,2026-06-25,multivariate,2026-06-30,5,RH2m,qlstm,43.883,%
2026-06-25,2026-06-25,multivariate,2026-06-30,5,RH2m,gru,57.372,%
2026-06-25,2026-06-25,multivariate,2026-06-30,5,RH2m,qgru,14.035,%
2026-06-25,2026-06-25,multivariate,2026-06-30,5,RH2m,ann,-135.714,%
2026-06-25,2026-06-25,multivariate,2026-06-30,5,RH2m,hqnn,30.166,%
2026-06-25,2026-06-25,multivariate,2026-06-30,5,RH2m,ensemble,2.714,%
2026-06-25,2026-06-25,multivariate,2026-06-30,5,PRmsl,lstm,102930.805,Pa
2026-06-25,2026-06-25,multivariate,2026-06-30,5,PRmsl,qlstm,102585.016,Pa
2026-06-25,2026-06-25,multivariate,2026-06-30,5,PRmsl,gru,102884.242,Pa
2026-06-25,2026-06-25,multivariate,2026-06-30,5,PRmsl,qgru,103184.445,Pa
2026-06-25,2026-06-25,multivariate,2026-06-30,5,PRmsl,ann,678905.875,Pa
2026-06-25,2026-06-25,multivariate,2026-06-30,5,PRmsl,hqnn,474207.688,Pa
2026-06-25,2026-06-25,multivariate,2026-06-30,5,PRmsl,ensemble,260783.012,Pa
2026-06-25,2026-06-25,univariate,2026-06-26,1,TMP2m,lstm,33.719,°C
2026-06-25,2026-06-25,univariate,2026-06-26,1,TMP2m,qlstm,33.118,°C
2026-06-25,2026-06-25,univariate,2026-06-26,1,TMP2m,gru,32.958,°C
2026-06-25,2026-06-25,univariate,2026-06-26,1,TMP2m,qgru,33.298,°C
2026-06-25,2026-06-25,univariate,2026-06-26,1,TMP2m,ann,32.969,°C
2026-06-25,2026-06-25,univariate,2026-06-26,1,RH2m,lstm,41.747,%
2026-06-25,2026-06-25,univariate,2026-06-26,1,RH2m,qlstm,51.663,%
2026-06-25,2026-06-25,univariate,2026-06-26,1,RH2m,gru,49.421,%
2026-06-25,2026-06-25,univariate,2026-06-26,1,RH2m,qgru,53.738,%
2026-06-25,2026-06-25,univariate,2026-06-26,1,RH2m,ann,46.389,%
2026-06-25,2026-06-25,univariate,2026-06-26,1,PRmsl,lstm,99775.047,Pa
2026-06-25,2026-06-25,univariate,2026-06-26,1,PRmsl,qlstm,99975.367,Pa
2026-06-25,2026-06-25,univariate,2026-06-26,1,PRmsl,gru,99846.773,Pa
2026-06-25,2026-06-25,univariate,2026-06-26,1,PRmsl,qgru,99747.883,Pa
2026-06-25,2026-06-25,univariate,2026-06-26,1,PRmsl,ann,99983.18,Pa
2026-06-25,2026-06-25,univariate,2026-06-27,2,TMP2m,lstm,34.252,°C
2026-06-25,2026-06-25,univariate,2026-06-27,2,TMP2m,qlstm,33.668,°C
2026-06-25,2026-06-25,univariate,2026-06-27,2,TMP2m,gru,33.499,°C
2026-06-25,2026-06-25,univariate,2026-06-27,2,TMP2m,qgru,34.227,°C
2026-06-25,2026-06-25,univariate,2026-06-27,2,TMP2m,ann,34.227,°C
2026-06-25,2026-06-25,univariate,2026-06-27,2,RH2m,lstm,41.663,%
2026-06-25,2026-06-25,univariate,2026-06-27,2,RH2m,qlstm,44.513,%
2026-06-25,2026-06-25,univariate,2026-06-27,2,RH2m,gru,47.998,%
2026-06-25,2026-06-25,univariate,2026-06-27,2,RH2m,qgru,50.659,%
2026-06-25,2026-06-25,univariate,2026-06-27,2,RH2m,ann,47.464,%
2026-06-25,2026-06-25,univariate,2026-06-27,2,PRmsl,lstm,99708.805,Pa
2026-06-25,2026-06-25,univariate,2026-06-27,2,PRmsl,qlstm,100033.312,Pa
2026-06-25,2026-06-25,univariate,2026-06-27,2,PRmsl,gru,99847.977,Pa
2026-06-25,2026-06-25,univariate,2026-06-27,2,PRmsl,qgru,99787.359,Pa
2026-06-25,2026-06-25,univariate,2026-06-27,2,PRmsl,ann,100070.734,Pa
2026-06-25,2026-06-25,univariate,2026-06-28,3,TMP2m,lstm,33.258,°C
2026-06-25,2026-06-25,univariate,2026-06-28,3,TMP2m,qlstm,32.704,°C
2026-06-25,2026-06-25,univariate,2026-06-28,3,TMP2m,gru,32.359,°C
2026-06-25,2026-06-25,univariate,2026-06-28,3,TMP2m,qgru,33.836,°C
2026-06-25,2026-06-25,univariate,2026-06-28,3,TMP2m,ann,32.806,°C
2026-06-25,2026-06-25,univariate,2026-06-28,3,RH2m,lstm,42.094,%
2026-06-25,2026-06-25,univariate,2026-06-28,3,RH2m,qlstm,48.087,%
2026-06-25,2026-06-25,univariate,2026-06-28,3,RH2m,gru,46.711,%
2026-06-25,2026-06-25,univariate,2026-06-28,3,RH2m,qgru,54.032,%
2026-06-25,2026-06-25,univariate,2026-06-28,3,RH2m,ann,46.902,%
2026-06-25,2026-06-25,univariate,2026-06-28,3,PRmsl,lstm,99598.531,Pa
2026-06-25,2026-06-25,univariate,2026-06-28,3,PRmsl,qlstm,99869.164,Pa
2026-06-25,2026-06-25,univariate,2026-06-28,3,PRmsl,gru,99706.719,Pa
2026-06-25,2026-06-25,univariate,2026-06-28,3,PRmsl,qgru,99627.406,Pa
2026-06-25,2026-06-25,univariate,2026-06-28,3,PRmsl,ann,99827.992,Pa
2026-06-25,2026-06-25,univariate,2026-06-29,4,TMP2m,lstm,33.642,°C
2026-06-25,2026-06-25,univariate,2026-06-29,4,TMP2m,qlstm,33.147,°C
2026-06-25,2026-06-25,univariate,2026-06-29,4,TMP2m,gru,32.677,°C
2026-06-25,2026-06-25,univariate,2026-06-29,4,TMP2m,qgru,34.33,°C
2026-06-25,2026-06-25,univariate,2026-06-29,4,TMP2m,ann,33.61,°C
2026-06-25,2026-06-25,univariate,2026-06-29,4,RH2m,lstm,40.022,%
2026-06-25,2026-06-25,univariate,2026-06-29,4,RH2m,qlstm,44.74,%
2026-06-25,2026-06-25,univariate,2026-06-29,4,RH2m,gru,39.352,%
2026-06-25,2026-06-25,univariate,2026-06-29,4,RH2m,qgru,51.103,%
2026-06-25,2026-06-25,univariate,2026-06-29,4,RH2m,ann,46.824,%
2026-06-25,2026-06-25,univariate,2026-06-29,4,PRmsl,lstm,99715.695,Pa
2026-06-25,2026-06-25,univariate,2026-06-29,4,PRmsl,qlstm,99986.617,Pa
2026-06-25,2026-06-25,univariate,2026-06-29,4,PRmsl,gru,99831.461,Pa
2026-06-25,2026-06-25,univariate,2026-06-29,4,PRmsl,qgru,99745.031,Pa
2026-06-25,2026-06-25,univariate,2026-06-29,4,PRmsl,ann,99967.781,Pa
2026-06-25,2026-06-25,univariate,2026-06-30,5,TMP2m,lstm,32.642,°C
2026-06-25,2026-06-25,univariate,2026-06-30,5,TMP2m,qlstm,32.196,°C
2026-06-25,2026-06-25,univariate,2026-06-30,5,TMP2m,gru,31.891,°C
2026-06-25,2026-06-25,univariate,2026-06-30,5,TMP2m,qgru,33.385,°C
2026-06-25,2026-06-25,univariate,2026-06-30,5,TMP2m,ann,32.369,°C
2026-06-25,2026-06-25,univariate,2026-06-30,5,RH2m,lstm,38.827,%
2026-06-25,2026-06-25,univariate,2026-06-30,5,RH2m,qlstm,49.021,%
2026-06-25,2026-06-25,univariate,2026-06-30,5,RH2m,gru,32.237,%
2026-06-25,2026-06-25,univariate,2026-06-30,5,RH2m,qgru,54.805,%
2026-06-25,2026-06-25,univariate,2026-06-30,5,RH2m,ann,48.732,%
2026-06-25,2026-06-25,univariate,2026-06-30,5,PRmsl,lstm,99798.797,Pa
2026-06-25,2026-06-25,univariate,2026-06-30,5,PRmsl,qlstm,99864.477,Pa
2026-06-25,2026-06-25,univariate,2026-06-30,5,PRmsl,gru,99719.508,Pa
2026-06-25,2026-06-25,univariate,2026-06-30,5,PRmsl,qgru,99602.312,Pa
2026-06-25,2026-06-25,univariate,2026-06-30,5,PRmsl,ann,99735.688,Pa
2026-06-25,2026-06-25,univariate,2026-06-26,1,TMP2m,hqnn,33.27,°C
2026-06-25,2026-06-25,univariate,2026-06-26,1,TMP2m,ensemble,33.27,°C
2026-06-25,2026-06-25,univariate,2026-06-26,1,RH2m,hqnn,54.649,%
2026-06-25,2026-06-25,univariate,2026-06-26,1,RH2m,ensemble,54.649,%
2026-06-25,2026-06-25,univariate,2026-06-26,1,PRmsl,hqnn,100000.047,Pa
2026-06-25,2026-06-25,univariate,2026-06-26,1,PRmsl,ensemble,100000.047,Pa
2026-06-25,2026-06-25,univariate,2026-06-27,2,TMP2m,hqnn,34.166,°C
2026-06-25,2026-06-25,univariate,2026-06-27,2,TMP2m,ensemble,34.166,°C
2026-06-25,2026-06-25,univariate,2026-06-27,2,RH2m,hqnn,47.269,%
2026-06-25,2026-06-25,univariate,2026-06-27,2,RH2m,ensemble,47.269,%
2026-06-25,2026-06-25,univariate,2026-06-27,2,PRmsl,hqnn,100043.797,Pa
2026-06-25,2026-06-25,univariate,2026-06-27,2,PRmsl,ensemble,100043.797,Pa
2026-06-25,2026-06-25,univariate,2026-06-28,3,TMP2m,hqnn,33.142,°C
2026-06-25,2026-06-25,univariate,2026-06-28,3,TMP2m,ensemble,33.142,°C
2026-06-25,2026-06-25,univariate,2026-06-28,3,RH2m,hqnn,56.305,%
2026-06-25,2026-06-25,univariate,2026-06-28,3,RH2m,ensemble,56.305,%
2026-06-25,2026-06-25,univariate,2026-06-28,3,PRmsl,hqnn,99934.0,Pa
2026-06-25,2026-06-25,univariate,2026-06-28,3,PRmsl,ensemble,99934.0,Pa
2026-06-25,2026-06-25,univariate,2026-06-29,4,TMP2m,hqnn,33.73,°C
2026-06-25,2026-06-25,univariate,2026-06-29,4,TMP2m,ensemble,33.73,°C
2026-06-25,2026-06-25,univariate,2026-06-29,4,RH2m,hqnn,48.935,%
2026-06-25,2026-06-25,univariate,2026-06-29,4,RH2m,ensemble,48.935,%
2026-06-25,2026-06-25,univariate,2026-06-29,4,PRmsl,hqnn,100019.656,Pa
2026-06-25,2026-06-25,univariate,2026-06-29,4,PRmsl,ensemble,100019.656,Pa
2026-06-25,2026-06-25,univariate,2026-06-30,5,TMP2m,hqnn,32.667,°C
2026-06-25,2026-06-25,univariate,2026-06-30,5,TMP2m,ensemble,32.667,°C
2026-06-25,2026-06-25,univariate,2026-06-30,5,RH2m,hqnn,61.64,%
2026-06-25,2026-06-25,univariate,2026-06-30,5,RH2m,ensemble,61.64,%
2026-06-25,2026-06-25,univariate,2026-06-30,5,PRmsl,hqnn,99921.219,Pa
2026-06-25,2026-06-25,univariate,2026-06-30,5,PRmsl,ensemble,99921.219,Pa
2026-06-28,2026-06-28,univariate,2026-06-29,1,TMP2m,hqnn,32.886,°C
2026-06-28,2026-06-28,univariate,2026-06-29,1,TMP2m,ensemble,32.886,°C
2026-06-28,2026-06-28,univariate,2026-06-29,1,RH2m,hqnn,49.824,%
2026-06-28,2026-06-28,univariate,2026-06-29,1,RH2m,ensemble,49.824,%
2026-06-28,2026-06-28,univariate,2026-06-29,1,PRmsl,hqnn,99980.227,Pa
2026-06-28,2026-06-28,univariate,2026-06-29,1,PRmsl,ensemble,99980.227,Pa
2026-06-28,2026-06-28,univariate,2026-06-30,2,TMP2m,hqnn,35.286,°C
2026-06-28,2026-06-28,univariate,2026-06-30,2,TMP2m,ensemble,35.286,°C
2026-06-28,2026-06-28,univariate,2026-06-30,2,RH2m,hqnn,49.011,%
2026-06-28,2026-06-28,univariate,2026-06-30,2,RH2m,ensemble,49.011,%
2026-06-28,2026-06-28,univariate,2026-06-30,2,PRmsl,hqnn,99877.062,Pa
2026-06-28,2026-06-28,univariate,2026-06-30,2,PRmsl,ensemble,99877.062,Pa
2026-06-28,2026-06-28,univariate,2026-07-01,3,TMP2m,hqnn,32.19,°C
2026-06-28,2026-06-28,univariate,2026-07-01,3,TMP2m,ensemble,32.19,°C
2026-06-28,2026-06-28,univariate,2026-07-01,3,RH2m,hqnn,53.34,%
2026-06-28,2026-06-28,univariate,2026-07-01,3,RH2m,ensemble,53.34,%
2026-06-28,2026-06-28,univariate,2026-07-01,3,PRmsl,hqnn,100012.578,Pa
2026-06-28,2026-06-28,univariate,2026-07-01,3,PRmsl,ensemble,100012.578,Pa
2026-06-28,2026-06-28,univariate,2026-07-02,4,TMP2m,hqnn,34.693,°C
2026-06-28,2026-06-28,univariate,2026-07-02,4,TMP2m,ensemble,34.693,°C
2026-06-28,2026-06-28,univariate,2026-07-02,4,RH2m,hqnn,49.018,%
2026-06-28,2026-06-28,univariate,2026-07-02,4,RH2m,ensemble,49.018,%
2026-06-28,2026-06-28,univariate,2026-07-02,4,PRmsl,hqnn,99908.578,Pa
2026-06-28,2026-06-28,univariate,2026-07-02,4,PRmsl,ensemble,99908.578,Pa
2026-06-28,2026-06-28,univariate,2026-07-03,5,TMP2m,hqnn,32.193,°C
2026-06-28,2026-06-28,univariate,2026-07-03,5,TMP2m,ensemble,32.193,°C
2026-06-28,2026-06-28,univariate,2026-07-03,5,RH2m,hqnn,55.359,%
2026-06-28,2026-06-28,univariate,2026-07-03,5,RH2m,ensemble,55.359,%
2026-06-28,2026-06-28,univariate,2026-07-03,5,PRmsl,hqnn,100040.133,Pa
2026-06-28,2026-06-28,univariate,2026-07-03,5,PRmsl,ensemble,100040.133,Pa
2026-06-28,2026-06-28,multivariate,2026-06-29,1,TMP2m,hqnn,-1895.315,°C
2026-06-28,2026-06-28,multivariate,2026-06-29,1,TMP2m,ensemble,-1895.315,°C
2026-06-28,2026-06-28,multivariate,2026-06-29,1,RH2m,hqnn,28.139,%
2026-06-28,2026-06-28,multivariate,2026-06-29,1,RH2m,ensemble,28.139,%
2026-06-28,2026-06-28,multivariate,2026-06-29,1,PRmsl,hqnn,468979.344,Pa
2026-06-28,2026-06-28,multivariate,2026-06-29,1,PRmsl,ensemble,468979.344,Pa
2026-06-28,2026-06-28,multivariate,2026-06-30,2,TMP2m,hqnn,-1926.286,°C
2026-06-28,2026-06-28,multivariate,2026-06-30,2,TMP2m,ensemble,-1926.286,°C
2026-06-28,2026-06-28,multivariate,2026-06-30,2,RH2m,hqnn,28.361,%
2026-06-28,2026-06-28,multivariate,2026-06-30,2,RH2m,ensemble,28.361,%
2026-06-28,2026-06-28,multivariate,2026-06-30,2,PRmsl,hqnn,469461.594,Pa
2026-06-28,2026-06-28,multivariate,2026-06-30,2,PRmsl,ensemble,469461.594,Pa
2026-06-28,2026-06-28,multivariate,2026-07-01,3,TMP2m,hqnn,-1926.97,°C
2026-06-28,2026-06-28,multivariate,2026-07-01,3,TMP2m,ensemble,-1926.97,°C
2026-06-28,2026-06-28,multivariate,2026-07-01,3,RH2m,hqnn,28.358,%
2026-06-28,2026-06-28,multivariate,2026-07-01,3,RH2m,ensemble,28.358,%
2026-06-28,2026-06-28,multivariate,2026-07-01,3,PRmsl,hqnn,469435.344,Pa
2026-06-28,2026-06-28,multivariate,2026-07-01,3,PRmsl,ensemble,469435.344,Pa
2026-06-28,2026-06-28,multivariate,2026-07-02,4,TMP2m,hqnn,-1926.447,°C
2026-06-28,2026-06-28,multivariate,2026-07-02,4,TMP2m,ensemble,-1926.447,°C
2026-06-28,2026-06-28,multivariate,2026-07-02,4,RH2m,hqnn,28.332,%
2026-06-28,2026-06-28,multivariate,2026-07-02,4,RH2m,ensemble,28.332,%
2026-06-28,2026-06-28,multivariate,2026-07-02,4,PRmsl,hqnn,469443.219,Pa
2026-06-28,2026-06-28,multivariate,2026-07-02,4,PRmsl,ensemble,469443.219,Pa
2026-06-28,2026-06-28,multivariate,2026-07-03,5,TMP2m,hqnn,-1925.949,°C
2026-06-28,2026-06-28,multivariate,2026-07-03,5,TMP2m,ensemble,-1925.949,°C
2026-06-28,2026-06-28,multivariate,2026-07-03,5,RH2m,hqnn,28.322,%
2026-06-28,2026-06-28,multivariate,2026-07-03,5,RH2m,ensemble,28.322,%
2026-06-28,2026-06-28,multivariate,2026-07-03,5,PRmsl,hqnn,469458.719,Pa
2026-06-28,2026-06-28,multivariate,2026-07-03,5,PRmsl,ensemble,469458.719,Pa
2026-06-29,2026-06-29,multivariate,2026-06-30,1,TMP2m,lstm,34.955,°C
2026-06-29,2026-06-29,multivariate,2026-06-30,1,TMP2m,qlstm,34.454,°C
2026-06-29,2026-06-29,multivariate,2026-06-30,1,TMP2m,gru,34.157,°C
2026-06-29,2026-06-29,multivariate,2026-06-30,1,TMP2m,qgru,33.633,°C
2026-06-29,2026-06-29,multivariate,2026-06-30,1,TMP2m,ann,34.895,°C
2026-06-29,2026-06-29,multivariate,2026-06-30,1,TMP2m,hqnn,34.822,°C
2026-06-29,2026-06-29,multivariate,2026-06-30,1,TMP2m,ensemble,34.486,°C
2026-06-29,2026-06-29,multivariate,2026-06-30,1,RH2m,lstm,49.843,%
2026-06-29,2026-06-29,multivariate,2026-06-30,1,RH2m,qlstm,50.592,%
2026-06-29,2026-06-29,multivariate,2026-06-30,1,RH2m,gru,47.454,%
2026-06-29,2026-06-29,multivariate,2026-06-30,1,RH2m,qgru,52.446,%
2026-06-29,2026-06-29,multivariate,2026-06-30,1,RH2m,ann,54.668,%
2026-06-29,2026-06-29,multivariate,2026-06-30,1,RH2m,hqnn,55.085,%
2026-06-29,2026-06-29,multivariate,2026-06-30,1,RH2m,ensemble,51.682,%
2026-06-29,2026-06-29,multivariate,2026-06-30,1,PRmsl,lstm,99681.008,Pa
2026-06-29,2026-06-29,multivariate,2026-06-30,1,PRmsl,qlstm,99688.07,Pa
2026-06-29,2026-06-29,multivariate,2026-06-30,1,PRmsl,gru,99714.094,Pa
2026-06-29,2026-06-29,multivariate,2026-06-30,1,PRmsl,qgru,99743.18,Pa
2026-06-29,2026-06-29,multivariate,2026-06-30,1,PRmsl,ann,99580.234,Pa
2026-06-29,2026-06-29,multivariate,2026-06-30,1,PRmsl,hqnn,99673.008,Pa
2026-06-29,2026-06-29,multivariate,2026-06-30,1,PRmsl,ensemble,99679.932,Pa
2026-06-29,2026-06-29,multivariate,2026-07-01,2,TMP2m,lstm,32.787,°C
2026-06-29,2026-06-29,multivariate,2026-07-01,2,TMP2m,qlstm,32.532,°C
2026-06-29,2026-06-29,multivariate,2026-07-01,2,TMP2m,gru,32.363,°C
2026-06-29,2026-06-29,multivariate,2026-07-01,2,TMP2m,qgru,31.63,°C
2026-06-29,2026-06-29,multivariate,2026-07-01,2,TMP2m,ann,32.948,°C
2026-06-29,2026-06-29,multivariate,2026-07-01,2,TMP2m,hqnn,33.579,°C
2026-06-29,2026-06-29,multivariate,2026-07-01,2,TMP2m,ensemble,32.64,°C
2026-06-29,2026-06-29,multivariate,2026-07-01,2,RH2m,lstm,52.75,%
2026-06-29,2026-06-29,multivariate,2026-07-01,2,RH2m,qlstm,56.207,%
2026-06-29,2026-06-29,multivariate,2026-07-01,2,RH2m,gru,51.2,%
2026-06-29,2026-06-29,multivariate,2026-07-01,2,RH2m,qgru,56.51,%
2026-06-29,2026-06-29,multivariate,2026-07-01,2,RH2m,ann,55.449,%
2026-06-29,2026-06-29,multivariate,2026-07-01,2,RH2m,hqnn,57.525,%
2026-06-29,2026-06-29,multivariate,2026-07-01,2,RH2m,ensemble,54.94,%
2026-06-29,2026-06-29,multivariate,2026-07-01,2,PRmsl,lstm,99733.758,Pa
2026-06-29,2026-06-29,multivariate,2026-07-01,2,PRmsl,qlstm,99796.617,Pa
2026-06-29,2026-06-29,multivariate,2026-07-01,2,PRmsl,gru,99794.375,Pa
2026-06-29,2026-06-29,multivariate,2026-07-01,2,PRmsl,qgru,99819.898,Pa
2026-06-29,2026-06-29,multivariate,2026-07-01,2,PRmsl,ann,99648.93,Pa
2026-06-29,2026-06-29,multivariate,2026-07-01,2,PRmsl,hqnn,99751.438,Pa
2026-06-29,2026-06-29,multivariate,2026-07-01,2,PRmsl,ensemble,99757.503,Pa
2026-06-29,2026-06-29,multivariate,2026-07-02,3,TMP2m,lstm,32.554,°C
2026-06-29,2026-06-29,multivariate,2026-07-02,3,TMP2m,qlstm,31.92,°C
2026-06-29,2026-06-29,multivariate,2026-07-02,3,TMP2m,gru,32.488,°C
2026-06-29,2026-06-29,multivariate,2026-07-02,3,TMP2m,qgru,31.15,°C
2026-06-29,2026-06-29,multivariate,2026-07-02,3,TMP2m,ann,31.531,°C
2026-06-29,2026-06-29,multivariate,2026-07-02,3,TMP2m,hqnn,32.288,°C
2026-06-29,2026-06-29,multivariate,2026-07-02,3,TMP2m,ensemble,31.988,°C
2026-06-29,2026-06-29,multivariate,2026-07-02,3,RH2m,lstm,53.705,%
2026-06-29,2026-06-29,multivariate,2026-07-02,3,RH2m,qlstm,57.707,%
2026-06-29,2026-06-29,multivariate,2026-07-02,3,RH2m,gru,53.771,%
2026-06-29,2026-06-29,multivariate,2026-07-02,3,RH2m,qgru,58.055,%
2026-06-29,2026-06-29,multivariate,2026-07-02,3,RH2m,ann,55.289,%
2026-06-29,2026-06-29,multivariate,2026-07-02,3,RH2m,hqnn,57.78,%
2026-06-29,2026-06-29,multivariate,2026-07-02,3,RH2m,ensemble,56.051,%
2026-06-29,2026-06-29,multivariate,2026-07-02,3,PRmsl,lstm,99778.789,Pa
2026-06-29,2026-06-29,multivariate,2026-07-02,3,PRmsl,qlstm,99786.594,Pa
2026-06-29,2026-06-29,multivariate,2026-07-02,3,PRmsl,gru,99780.203,Pa
2026-06-29,2026-06-29,multivariate,2026-07-02,3,PRmsl,qgru,99875.227,Pa
2026-06-29,2026-06-29,multivariate,2026-07-02,3,PRmsl,ann,99709.312,Pa
2026-06-29,2026-06-29,multivariate,2026-07-02,3,PRmsl,hqnn,99829.281,Pa
2026-06-29,2026-06-29,multivariate,2026-07-02,3,PRmsl,ensemble,99793.234,Pa
2026-06-29,2026-06-29,multivariate,2026-07-03,4,TMP2m,lstm,32.107,°C
2026-06-29,2026-06-29,multivariate,2026-07-03,4,TMP2m,qlstm,30.826,°C
2026-06-29,2026-06-29,multivariate,2026-07-03,4,TMP2m,gru,32.217,°C
2026-06-29,2026-06-29,multivariate,2026-07-03,4,TMP2m,qgru,31.126,°C
2026-06-29,2026-06-29,multivariate,2026-07-03,4,TMP2m,ann,31.186,°C
2026-06-29,2026-06-29,multivariate,2026-07-03,4,TMP2m,hqnn,31.969,°C
2026-06-29,2026-06-29,multivariate,2026-07-03,4,TMP2m,ensemble,31.572,°C
2026-06-29,2026-06-29,multivariate,2026-07-03,4,RH2m,lstm,54.878,%
2026-06-29,2026-06-29,multivariate,2026-07-03,4,RH2m,qlstm,58.096,%
2026-06-29,2026-06-29,multivariate,2026-07-03,4,RH2m,gru,53.436,%
2026-06-29,2026-06-29,multivariate,2026-07-03,4,RH2m,qgru,56.336,%
2026-06-29,2026-06-29,multivariate,2026-07-03,4,RH2m,ann,58.187,%
2026-06-29,2026-06-29,multivariate,2026-07-03,4,RH2m,hqnn,58.427,%
2026-06-29,2026-06-29,multivariate,2026-07-03,4,RH2m,ensemble,56.56,%
2026-06-29,2026-06-29,multivariate,2026-07-03,4,PRmsl,lstm,99826.867,Pa
2026-06-29,2026-06-29,multivariate,2026-07-03,4,PRmsl,qlstm,99825.453,Pa
2026-06-29,2026-06-29,multivariate,2026-07-03,4,PRmsl,gru,99883.68,Pa
2026-06-29,2026-06-29,multivariate,2026-07-03,4,PRmsl,qgru,99982.789,Pa
2026-06-29,2026-06-29,multivariate,2026-07-03,4,PRmsl,ann,99700.969,Pa
2026-06-29,2026-06-29,multivariate,2026-07-03,4,PRmsl,hqnn,99795.258,Pa
2026-06-29,2026-06-29,multivariate,2026-07-03,4,PRmsl,ensemble,99835.836,Pa
2026-06-29,2026-06-29,multivariate,2026-07-04,5,TMP2m,lstm,32.323,°C
2026-06-29,2026-06-29,multivariate,2026-07-04,5,TMP2m,qlstm,31.471,°C
2026-06-29,2026-06-29,multivariate,2026-07-04,5,TMP2m,gru,33.243,°C
2026-06-29,2026-06-29,multivariate,2026-07-04,5,TMP2m,qgru,31.427,°C
2026-06-29,2026-06-29,multivariate,2026-07-04,5,TMP2m,ann,31.267,°C
2026-06-29,2026-06-29,multivariate,2026-07-04,5,TMP2m,hqnn,32.096,°C
2026-06-29,2026-06-29,multivariate,2026-07-04,5,TMP2m,ensemble,31.971,°C
2026-06-29,2026-06-29,multivariate,2026-07-04,5,RH2m,lstm,54.168,%
2026-06-29,2026-06-29,multivariate,2026-07-04,5,RH2m,qlstm,58.08,%
2026-06-29,2026-06-29,multivariate,2026-07-04,5,RH2m,gru,54.001,%
2026-06-29,2026-06-29,multivariate,2026-07-04,5,RH2m,qgru,55.345,%
2026-06-29,2026-06-29,multivariate,2026-07-04,5,RH2m,ann,57.71,%
2026-06-29,2026-06-29,multivariate,2026-07-04,5,RH2m,hqnn,58.613,%
2026-06-29,2026-06-29,multivariate,2026-07-04,5,RH2m,ensemble,56.32,%
2026-06-29,2026-06-29,multivariate,2026-07-04,5,PRmsl,lstm,99758.266,Pa
2026-06-29,2026-06-29,multivariate,2026-07-04,5,PRmsl,qlstm,99760.688,Pa
2026-06-29,2026-06-29,multivariate,2026-07-04,5,PRmsl,gru,99773.273,Pa
2026-06-29,2026-06-29,multivariate,2026-07-04,5,PRmsl,qgru,99886.766,Pa
2026-06-29,2026-06-29,multivariate,2026-07-04,5,PRmsl,ann,99625.281,Pa
2026-06-29,2026-06-29,multivariate,2026-07-04,5,PRmsl,hqnn,99784.156,Pa
2026-06-29,2026-06-29,multivariate,2026-07-04,5,PRmsl,ensemble,99764.738,Pa
2026-06-29,2026-06-29,univariate,2026-06-30,1,TMP2m,lstm,34.514,°C
2026-06-29,2026-06-29,univariate,2026-06-30,1,TMP2m,qlstm,34.37,°C
2026-06-29,2026-06-29,univariate,2026-06-30,1,TMP2m,gru,33.926,°C
2026-06-29,2026-06-29,univariate,2026-06-30,1,TMP2m,qgru,35.031,°C
2026-06-29,2026-06-29,univariate,2026-06-30,1,TMP2m,ann,34.6,°C
2026-06-29,2026-06-29,univariate,2026-06-30,1,TMP2m,hqnn,34.632,°C
2026-06-29,2026-06-29,univariate,2026-06-30,1,TMP2m,ensemble,34.512,°C
2026-06-29,2026-06-29,univariate,2026-06-30,1,RH2m,lstm,36.381,%
2026-06-29,2026-06-29,univariate,2026-06-30,1,RH2m,qlstm,42.397,%
2026-06-29,2026-06-29,univariate,2026-06-30,1,RH2m,gru,28.104,%
2026-06-29,2026-06-29,univariate,2026-06-30,1,RH2m,qgru,48.966,%
2026-06-29,2026-06-29,univariate,2026-06-30,1,RH2m,ann,40.042,%
2026-06-29,2026-06-29,univariate,2026-06-30,1,RH2m,hqnn,47.965,%
2026-06-29,2026-06-29,univariate,2026-06-30,1,RH2m,ensemble,40.643,%
2026-06-29,2026-06-29,univariate,2026-06-30,1,PRmsl,lstm,99930.094,Pa
2026-06-29,2026-06-29,univariate,2026-06-30,1,PRmsl,qlstm,99940.586,Pa
2026-06-29,2026-06-29,univariate,2026-06-30,1,PRmsl,gru,99855.047,Pa
2026-06-29,2026-06-29,univariate,2026-06-30,1,PRmsl,qgru,99725.586,Pa
2026-06-29,2026-06-29,univariate,2026-06-30,1,PRmsl,ann,99833.633,Pa
2026-06-29,2026-06-29,univariate,2026-06-30,1,PRmsl,hqnn,99877.062,Pa
2026-06-29,2026-06-29,univariate,2026-06-30,1,PRmsl,ensemble,99860.335,Pa
2026-06-29,2026-06-29,univariate,2026-07-01,2,TMP2m,lstm,35.27,°C
2026-06-29,2026-06-29,univariate,2026-07-01,2,TMP2m,qlstm,35.326,°C
2026-06-29,2026-06-29,univariate,2026-07-01,2,TMP2m,gru,34.893,°C
2026-06-29,2026-06-29,univariate,2026-07-01,2,TMP2m,qgru,35.384,°C
2026-06-29,2026-06-29,univariate,2026-07-01,2,TMP2m,ann,35.04,°C
2026-06-29,2026-06-29,univariate,2026-07-01,2,TMP2m,hqnn,35.319,°C
2026-06-29,2026-06-29,univariate,2026-07-01,2,TMP2m,ensemble,35.205,°C
2026-06-29,2026-06-29,univariate,2026-07-01,2,RH2m,lstm,34.931,%
2026-06-29,2026-06-29,univariate,2026-07-01,2,RH2m,qlstm,40.303,%
2026-06-29,2026-06-29,univariate,2026-07-01,2,RH2m,gru,26.419,%
2026-06-29,2026-06-29,univariate,2026-07-01,2,RH2m,qgru,47.424,%
2026-06-29,2026-06-29,univariate,2026-07-01,2,RH2m,ann,38.698,%
2026-06-29,2026-06-29,univariate,2026-07-01,2,RH2m,hqnn,46.079,%
2026-06-29,2026-06-29,univariate,2026-07-01,2,RH2m,ensemble,38.976,%
2026-06-29,2026-06-29,univariate,2026-07-01,2,PRmsl,lstm,99912.594,Pa
2026-06-29,2026-06-29,univariate,2026-07-01,2,PRmsl,qlstm,99915.211,Pa
2026-06-29,2026-06-29,univariate,2026-07-01,2,PRmsl,gru,99825.906,Pa
2026-06-29,2026-06-29,univariate,2026-07-01,2,PRmsl,qgru,99694.414,Pa
2026-06-29,2026-06-29,univariate,2026-07-01,2,PRmsl,ann,99799.422,Pa
2026-06-29,2026-06-29,univariate,2026-07-01,2,PRmsl,hqnn,99856.711,Pa
2026-06-29,2026-06-29,univariate,2026-07-01,2,PRmsl,ensemble,99834.043,Pa
2026-06-29,2026-06-29,univariate,2026-07-02,3,TMP2m,lstm,33.379,°C
2026-06-29,2026-06-29,univariate,2026-07-02,3,TMP2m,qlstm,32.742,°C
2026-06-29,2026-06-29,univariate,2026-07-02,3,TMP2m,gru,32.909,°C
2026-06-29,2026-06-29,univariate,2026-07-02,3,TMP2m,qgru,33.586,°C
2026-06-29,2026-06-29,univariate,2026-07-02,3,TMP2m,ann,32.84,°C
2026-06-29,2026-06-29,univariate,2026-07-02,3,TMP2m,hqnn,33.428,°C
2026-06-29,2026-06-29,univariate,2026-07-02,3,TMP2m,ensemble,33.147,°C
2026-06-29,2026-06-29,univariate,2026-07-02,3,RH2m,lstm,34.135,%
2026-06-29,2026-06-29,univariate,2026-07-02,3,RH2m,qlstm,39.292,%
2026-06-29,2026-06-29,univariate,2026-07-02,3,RH2m,gru,29.985,%
2026-06-29,2026-06-29,univariate,2026-07-02,3,RH2m,qgru,44.514,%
2026-06-29,2026-06-29,univariate,2026-07-02,3,RH2m,ann,37.936,%
2026-06-29,2026-06-29,univariate,2026-07-02,3,RH2m,hqnn,43.008,%
2026-06-29,2026-06-29,univariate,2026-07-02,3,RH2m,ensemble,38.145,%
2026-06-29,2026-06-29,univariate,2026-07-02,3,PRmsl,lstm,99841.109,Pa
2026-06-29,2026-06-29,univariate,2026-07-02,3,PRmsl,qlstm,99989.664,Pa
2026-06-29,2026-06-29,univariate,2026-07-02,3,PRmsl,gru,99789.609,Pa
2026-06-29,2026-06-29,univariate,2026-07-02,3,PRmsl,qgru,99714.641,Pa
2026-06-29,2026-06-29,univariate,2026-07-02,3,PRmsl,ann,99939.883,Pa
2026-06-29,2026-06-29,univariate,2026-07-02,3,PRmsl,hqnn,99971.445,Pa
2026-06-29,2026-06-29,univariate,2026-07-02,3,PRmsl,ensemble,99874.392,Pa
2026-06-29,2026-06-29,univariate,2026-07-03,4,TMP2m,lstm,34.289,°C
2026-06-29,2026-06-29,univariate,2026-07-03,4,TMP2m,qlstm,34.18,°C
2026-06-29,2026-06-29,univariate,2026-07-03,4,TMP2m,gru,33.729,°C
2026-06-29,2026-06-29,univariate,2026-07-03,4,TMP2m,qgru,33.869,°C
2026-06-29,2026-06-29,univariate,2026-07-03,4,TMP2m,ann,34.168,°C
2026-06-29,2026-06-29,univariate,2026-07-03,4,TMP2m,hqnn,34.661,°C
2026-06-29,2026-06-29,univariate,2026-07-03,4,TMP2m,ensemble,34.149,°C
2026-06-29,2026-06-29,univariate,2026-07-03,4,RH2m,lstm,35.716,%
2026-06-29,2026-06-29,univariate,2026-07-03,4,RH2m,qlstm,39.932,%
2026-06-29,2026-06-29,univariate,2026-07-03,4,RH2m,gru,35.32,%
2026-06-29,2026-06-29,univariate,2026-07-03,4,RH2m,qgru,43.68,%
2026-06-29,2026-06-29,univariate,2026-07-03,4,RH2m,ann,39.598,%
2026-06-29,2026-06-29,univariate,2026-07-03,4,RH2m,hqnn,42.371,%
2026-06-29,2026-06-29,univariate,2026-07-03,4,RH2m,ensemble,39.436,%
2026-06-29,2026-06-29,univariate,2026-07-03,4,PRmsl,lstm,99865.008,Pa
2026-06-29,2026-06-29,univariate,2026-07-03,4,PRmsl,qlstm,99919.531,Pa
2026-06-29,2026-06-29,univariate,2026-07-03,4,PRmsl,gru,99687.133,Pa
2026-06-29,2026-06-29,univariate,2026-07-03,4,PRmsl,qgru,99636.43,Pa
2026-06-29,2026-06-29,univariate,2026-07-03,4,PRmsl,ann,99817.555,Pa
2026-06-29,2026-06-29,univariate,2026-07-03,4,PRmsl,hqnn,99893.68,Pa
2026-06-29,2026-06-29,univariate,2026-07-03,4,PRmsl,ensemble,99803.223,Pa
2026-06-29,2026-06-29,univariate,2026-07-04,5,TMP2m,lstm,32.861,°C
2026-06-29,2026-06-29,univariate,2026-07-04,5,TMP2m,qlstm,32.58,°C
2026-06-29,2026-06-29,univariate,2026-07-04,5,TMP2m,gru,32.315,°C
2026-06-29,2026-06-29,univariate,2026-07-04,5,TMP2m,qgru,32.491,°C
2026-06-29,2026-06-29,univariate,2026-07-04,5,TMP2m,ann,32.499,°C
2026-06-29,2026-06-29,univariate,2026-07-04,5,TMP2m,hqnn,33.134,°C
2026-06-29,2026-06-29,univariate,2026-07-04,5,TMP2m,ensemble,32.647,°C
2026-06-29,2026-06-29,univariate,2026-07-04,5,RH2m,lstm,39.348,%
2026-06-29,2026-06-29,univariate,2026-07-04,5,RH2m,qlstm,40.116,%
2026-06-29,2026-06-29,univariate,2026-07-04,5,RH2m,gru,37.645,%
2026-06-29,2026-06-29,univariate,2026-07-04,5,RH2m,qgru,43.156,%
2026-06-29,2026-06-29,univariate,2026-07-04,5,RH2m,ann,40.802,%
2026-06-29,2026-06-29,univariate,2026-07-04,5,RH2m,hqnn,41.907,%
2026-06-29,2026-06-29,univariate,2026-07-04,5,RH2m,ensemble,40.496,%
2026-06-29,2026-06-29,univariate,2026-07-04,5,PRmsl,lstm,99970.578,Pa
2026-06-29,2026-06-29,univariate,2026-07-04,5,PRmsl,qlstm,99949.062,Pa
2026-06-29,2026-06-29,univariate,2026-07-04,5,PRmsl,gru,99727.367,Pa
2026-06-29,2026-06-29,univariate,2026-07-04,5,PRmsl,qgru,99701.055,Pa
2026-06-29,2026-06-29,univariate,2026-07-04,5,PRmsl,ann,99841.125,Pa
2026-06-29,2026-06-29,univariate,2026-07-04,5,PRmsl,hqnn,99934.555,Pa
2026-06-29,2026-06-29,univariate,2026-07-04,5,PRmsl,ensemble,99853.957,Pa
