run_date,data_through,city,mode,forecast_date,horizon,target,model,prediction,unit
2026-10-06,2026-10-05,chennai,multivariate,2026-10-06,1,TMP2m,hqnn,29.994,C
2026-10-06,2026-10-05,chennai,multivariate,2026-10-06,1,TMP2m,ensemble,29.994,C
2026-10-06,2026-10-05,chennai,multivariate,2026-10-06,1,RH2m,hqnn,72.196,%
2026-10-06,2026-10-05,chennai,multivariate,2026-10-06,1,RH2m,ensemble,72.196,%
2026-10-06,2026-10-05,chennai,multivariate,2026-10-06,1,PRmsl,hqnn,101484.503,Pa
2026-10-06,2026-10-05,chennai,multivariate,2026-10-06,1,PRmsl,ensemble,101484.503,Pa
2026-10-06,2026-10-05,chennai,multivariate,2026-10-07,2,TMP2m,hqnn,29.657,C
2026-10-06,2026-10-05,chennai,multivariate,2026-10-07,2,TMP2m,ensemble,29.657,C
2026-10-06,2026-10-05,chennai,multivariate,2026-10-07,2,RH2m,hqnn,72.852,%
2026-10-06,2026-10-05,chennai,multivariate,2026-10-07,2,RH2m,ensemble,72.852,%
2026-10-06,2026-10-05,chennai,multivariate,2026-10-07,2,PRmsl,hqnn,101486.349,Pa
2026-10-06,2026-10-05,chennai,multivariate,2026-10-07,2,PRmsl,ensemble,101486.349,Pa
2026-10-06,2026-10-05,chennai,multivariate,2026-10-08,3,TMP2m,hqnn,29.774,C
2026-10-06,2026-10-05,chennai,multivariate,2026-10-08,3,TMP2m,ensemble,29.774,C
2026-10-06,2026-10-05,chennai,multivariate,2026-10-08,3,RH2m,hqnn,75.294,%
2026-10-06,2026-10-05,chennai,multivariate,2026-10-08,3,RH2m,ensemble,75.294,%
2026-10-06,2026-10-05,chennai,multivariate,2026-10-08,3,PRmsl,hqnn,101338.887,Pa
2026-10-06,2026-10-05,chennai,multivariate,2026-10-08,3,PRmsl,ensemble,101338.887,Pa
2026-10-06,2026-10-05,chennai,multivariate,2026-10-09,4,TMP2m,hqnn,29.797,C
2026-10-06,2026-10-05,chennai,multivariate,2026-10-09,4,TMP2m,ensemble,29.797,C
2026-10-06,2026-10-05,chennai,multivariate,2026-10-09,4,RH2m,hqnn,74.337,%
2026-10-06,2026-10-05,chennai,multivariate,2026-10-09,4,RH2m,ensemble,74.337,%
2026-10-06,2026-10-05,chennai,multivariate,2026-10-09,4,PRmsl,hqnn,101377.164,Pa
2026-10-06,2026-10-05,chennai,multivariate,2026-10-09,4,PRmsl,ensemble,101377.164,Pa
2026-10-06,2026-10-05,chennai,multivariate,2026-10-10,5,TMP2m,hqnn,29.428,C
2026-10-06,2026-10-05,chennai,multivariate,2026-10-10,5,TMP2m,ensemble,29.428,C
2026-10-06,2026-10-05,chennai,multivariate,2026-10-10,5,RH2m,hqnn,74.35,%
2026-10-06,2026-10-05,chennai,multivariate,2026-10-10,5,RH2m,ensemble,74.35,%
2026-10-06,2026-10-05,chennai,multivariate,2026-10-10,5,PRmsl,hqnn,101463.007,Pa
2026-10-06,2026-10-05,chennai,multivariate,2026-10-10,5,PRmsl,ensemble,101463.007,Pa
2026-10-06,2026-10-05,chennai,univariate,2026-10-06,1,TMP2m,hqnn,30.554,C
2026-10-06,2026-10-05,chennai,univariate,2026-10-06,1,TMP2m,ensemble,30.554,C
2026-10-06,2026-10-05,chennai,univariate,2026-10-06,1,RH2m,hqnn,70.269,%
2026-10-06,2026-10-05,chennai,univariate,2026-10-06,1,RH2m,ensemble,70.269,%
2026-10-06,2026-10-05,chennai,univariate,2026-10-06,1,PRmsl,hqnn,101280.068,Pa
2026-10-06,2026-10-05,chennai,univariate,2026-10-06,1,PRmsl,ensemble,101280.068,Pa
2026-10-06,2026-10-05,chennai,univariate,2026-10-07,2,TMP2m,hqnn,30.984,C
2026-10-06,2026-10-05,chennai,univariate,2026-10-07,2,TMP2m,ensemble,30.984,C
2026-10-06,2026-10-05,chennai,univariate,2026-10-07,2,RH2m,hqnn,69.794,%
2026-10-06,2026-10-05,chennai,univariate,2026-10-07,2,RH2m,ensemble,69.794,%
2026-10-06,2026-10-05,chennai,univariate,2026-10-07,2,PRmsl,hqnn,101244.961,Pa
2026-10-06,2026-10-05,chennai,univariate,2026-10-07,2,PRmsl,ensemble,101244.961,Pa
2026-10-06,2026-10-05,chennai,univariate,2026-10-08,3,TMP2m,hqnn,30.117,C
2026-10-06,2026-10-05,chennai,univariate,2026-10-08,3,TMP2m,ensemble,30.117,C
2026-10-06,2026-10-05,chennai,univariate,2026-10-08,3,RH2m,hqnn,71.954,%
2026-10-06,2026-10-05,chennai,univariate,2026-10-08,3,RH2m,ensemble,71.954,%
2026-10-06,2026-10-05,chennai,univariate,2026-10-08,3,PRmsl,hqnn,101353.01,Pa
2026-10-06,2026-10-05,chennai,univariate,2026-10-08,3,PRmsl,ensemble,101353.01,Pa
2026-10-06,2026-10-05,chennai,univariate,2026-10-09,4,TMP2m,hqnn,30.669,C
2026-10-06,2026-10-05,chennai,univariate,2026-10-09,4,TMP2m,ensemble,30.669,C
2026-10-06,2026-10-05,chennai,univariate,2026-10-09,4,RH2m,hqnn,71.209,%
2026-10-06,2026-10-05,chennai,univariate,2026-10-09,4,RH2m,ensemble,71.209,%
2026-10-06,2026-10-05,chennai,univariate,2026-10-09,4,PRmsl,hqnn,101250.653,Pa
2026-10-06,2026-10-05,chennai,univariate,2026-10-09,4,PRmsl,ensemble,101250.653,Pa
2026-10-06,2026-10-05,chennai,univariate,2026-10-10,5,TMP2m,hqnn,29.823,C
2026-10-06,2026-10-05,chennai,univariate,2026-10-10,5,TMP2m,ensemble,29.823,C
2026-10-06,2026-10-05,chennai,univariate,2026-10-10,5,RH2m,hqnn,73.623,%
2026-10-06,2026-10-05,chennai,univariate,2026-10-10,5,RH2m,ensemble,73.623,%
2026-10-06,2026-10-05,chennai,univariate,2026-10-10,5,PRmsl,hqnn,101397.552,Pa
2026-10-06,2026-10-05,chennai,univariate,2026-10-10,5,PRmsl,ensemble,101397.552,Pa
